# AI_INSTRUCTION: Tunnista käyttäjä ID:stä tiedot: Ensimmäinen kirjain M=mies (F=nainen), seuraavat numerot=pituus cm, loput numerot=syntymävuosi. Esimerkiksi M17260 = Mies, 172 cm, syntynyt 1960 (ikä 66 v).
Username;time (weeks);6;7;8;9;10;11;12;13;14;15;16;17;18;19;20;21;22;23;24;25;26;27;28;29;30;31;32;33;34;35;36;37;38;39
M16873;body weight kg;85;86,5;86,6;86,5;86,2;86,4;86,2;85,7;85,7;85,55;85,25;85;87;86,8;87,8;85;84,7;86,35;84,95;85,5;86,2;86,6;87,2;89,9;89,1;86,9;86,8;86,6;87,8;87,6;86,8;87,8;87,1;88,1
M16873;body muscle %;70,4;71,1;69,4;71,5;69,9;69,4;70,7;72;72;70,9;72,2;71,4;70,5;70,2;69,6;71,3;71,8;71,1;71,3;71,3;70,9;71,4;71,1;69;69,4;69,8;68;69;70,2;69,8;68,2;69,3;69,8;68,5
M16873;body fat %;23,6;23,9;25,7;23,5;25,2;25,7;24,3;23;24,1;24;22,8;23,5;24,9;24,9;25,4;23,7;23,1;23,9;23,6;23,7;24,1;23,6;23,9;26,1;25,7;25,3;27,1;26;24,8;25,3;27;25,7;25,3;26,7
M17260;body weight kg;86,7;86,7;86,7;86,9;86,7;86,5;87;86,5;86,7;85,9;86,3;87,3;86,4;85,4;86,4;86,7;87,9;87,8;87,9;87,7;87,5;87,3;86,5;86,2;86;85,5;85,8;85,7;85,5;84,8;85,6;85;85,1;84,4
M17260;body muscle %;62,6;62,6;62,6;62,9;63,5;62,5;62,3;61,8;61,6;62,6;62,9;63,2;62;63;61,9;62,5;62,8;62,1;63,3;63,6;61,8;64,3;63,4;61,6;62,7;62,3;62,2;64,1;62,3;61,4;63,6;64,3;63,2;64
M17260;body fat %;32,6;32,6;32,6;32,5;31,9;32,8;32,9;33,6;34,1;32,9;32,5;32,2;33,6;32,5;33,7;33;32,6;33,3;32,3;31,8;33,7;31;32;34;32,7;33,2;33,4;31,3;33,2;32,9;31,8;31;32,3;31,4
M18462;body weight kg;99;99;99;99,7;99,05;98,4;98,65;99,05;98,45;98,05;97,85;97,55;96,3;96,4;97,5;95;94,8;95,2;94,6;95,1;94,9;95,5;94,8;95,2;94,9;95,1;94,8;95,2;94,6;95,1;94,9;95,5;94,8;95,2
M18462;body muscle %;70,1;70,1;70,1;70,5;70;69,1;69,5;69,7;68,6;69,5;69,3;70,5;70,5;70;69,4;70,5;71,2;70,1;70,5;70,8;70,1;70,5;70,2;71;70,5;70,2;71,1;70,2;70,5;70,8;70,1;70,5;70,2;71
M18462;body fat %;25;25;25;24,4;24,9;25,9;25,4;25,3;26,4;25,4;25,7;24,4;24,4;24,9;25,6;24,4;23,5;23,8;24,1;23,9;24,5;24,1;24,3;23,6;24;24,3;23,5;24,1;23,9;24,5;24,1;24,3;23,6;24
